Name,National №,Type,Species,Height,Weight,Abilities,Local №,EV yield,Catch rate,Base Friendship,Base Exp.,Growth Rate,Egg Groups,Gender,Egg cycles,HP,Attack,Defense,Sp. Atk,Sp. Def,Speed,Total,RedBlue,Yellow,Gold,Silver,Crystal,RubySapphireEmerald,FireRed,LeafGreen,DiamondPearlPlatinum,HeartGold,SoulSilver,BlackWhiteBlack 2White 2,X,Y,Omega RubyAlpha Sapphire,Let's Go PikachuLet's Go Eevee,Sword,Shield,Brilliant DiamondShining Pearl,GoldSilverCrystal,RubySapphire,FireRedLeafGreen,Emerald,HeartGoldSoulSilver,XY,SunMoon,Ultra SunUltra Moon,SwordShield,Legends: Arceus,ScarletViolet,English,Japanese,German,French,Italian,Spanish,Korean,Chinese (Simplified),Chinese (Traditional),RedBlueYellow,Ultra SunUltra MoonLet's Go PikachuLet's Go Eevee,BlackWhite,Black 2White 2,Sun,Moon,Ultra Sun,Ultra Moon,Red,Blue,DiamondPearl,Platinum,Black,White,SunMoonUltra SunUltra Moon,Brilliant Diamond,Shining Pearl,Let's Go Pikachu,Let's Go Eevee,WhiteBlack 2White 2,XYOmega RubyAlpha Sapphire,GoldSilver,DiamondPearlPlatinumHeartGoldSoulSilver
Bulbasaur,0001,Grass Poison,Seed Pokémon,0.7 m (2′04″),6.9 kg (15.2 lbs),1. OvergrowChlorophyll (hidden ability),0001 (Red/Blue/Yellow)0226 (Gold/Silver/Crystal)0001 (FireRed/LeafGreen)0231 (HeartGold/SoulSilver)0080 (X/Y — Central Kalos)0001 (Let's Go Pikachu/Let's Go Eevee)0068 (The Isle of Armor)0164 (The Indigo Disk),1 Sp. Atk,"45 (5.9% with PokéBall, full HP)",50 (normal),64,Medium Slow,"Grass, Monster","87.5% male, 12.5% female","20 (4,884–5,140 steps)",45,49,49,65,65,45,318,Pallet Town,Cerulean City,The seed on its back is filled with nutrients. The seed grows steadily larger as its body grows.,"It carries a seed on its back right from birth. As it grows older, the seed also grows larger.","While it is young, it uses the nutrients that are stored in the seeds on its back in order to grow.","BULBASAUR can be seen napping in bright sunlight. There is a seed on its back. By soaking up the sun’s rays, the seed grows progressively larger.",There is a plant seed on its back right from the day this POKéMON is born. The seed slowly grows larger.,A strange seed was planted on its back at birth. The plant sprouts and grows with this POKéMON.,Trade/migrate from another game,The seed on its back is filled with nutrients. The seed grows steadily larger as its body grows.,"It carries a seed on its back right from birth. As it grows older, the seed also grows larger.",Trade/migrate from another game,A strange seed was planted on its back at birth. The plant sprouts and grows with this Pokémon.,"For some time after its birth, it grows by gaining nourishment from the seed on its back.",Trade/migrate from another game,"Cerulean City, Viridian Forest",There is a plant seed on its back right from the day this Pokémon is born. The seed slowly grows larger.,"While it is young, it uses the nutrients that are stored in the seed on its back in order to grow.","Grassland Cave, Swampy Cave, Riverbank Cave, Still-Water Cavern, Sunlit Cavern, Bogsunk Cavern",Trade/migrate from another game,Trade/migrate from another game,Pallet Town,Trade/migrate from another game,Pallet Town,Lumiose City,Trade/migrate from another game,Route 2,Trade/migrate from another game,Not available in this game,Location data not yet available,Seed Pokémon,たねポケモン,Samen-Pokémon,Pokémon Graine,Pokémon Seme,Pokémon Semilla,씨앗포켓몬,种子宝可梦,種子寶可夢,,,,,,,,,,,,,,,,,,,,,,,
Ivysaur,0002,Grass Poison,Seed Pokémon,1.0 m (3′03″),13.0 kg (28.7 lbs),1. OvergrowChlorophyll (hidden ability),0002 (Red/Blue/Yellow)0227 (Gold/Silver/Crystal)0002 (FireRed/LeafGreen)0232 (HeartGold/SoulSilver)0081 (X/Y — Central Kalos)0002 (Let's Go Pikachu/Let's Go Eevee)0069 (The Isle of Armor)0165 (The Indigo Disk),"1 Sp. Atk, 1 Sp. Def","45 (5.9% with PokéBall, full HP)",50 (normal),142,Medium Slow,"Grass, Monster","87.5% male, 12.5% female","20 (4,884–5,140 steps)",60,62,63,80,80,60,405,"When the bulb on its back grows large, it appears to lose the ability to stand on its hind legs.",The bulb on its back grows by drawing energy. It gives off an aroma when it is ready to bloom.,Exposure to sunlight adds to its strength. Sunlight also makes the bud on its back grow larger.,"If the bud on its back starts to smell sweet, it is evidence that the large flower will soon bloom.",The bulb on its back grows as it absorbs nutrients. The bulb gives off a pleasant aroma when it blooms.,,"There is a plant bulb on its back. When it absorbs nutrients, the bulb is said to blossom into a large flower.","When the bulb on its back grows large, it appears to lose the ability to stand on its hind legs.",Trade/migrate from another game,Exposure to sunlight adds to its strength. Sunlight also makes the bud on its back grow larger.,"If the bud on its back starts to smell sweet, it is evidence that the large flower will soon bloom.",Trade/migrate from another game,"There is a plant bulb on its back. When it absorbs nutrients, the bulb is said to blossom into a large flower.","When the bud on its back starts swelling, a sweet aroma wafts to indicate the flower’s coming bloom.",Trade/migrate from another game,The bud on its back grows by drawing energy. It gives off an aroma when it is ready to bloom.,"When the bulb on its back grows large, it appears to lose the ability to stand on its hind legs.",Exposure to sunlight adds to its strength. Sunlight also makes the bud on its back grow larger.,Evolve Bulbasaur,Trade/migrate from another game,Trade/migrate from another game,Evolve Bulbasaur,Trade/migrate from another game,Evolve Bulbasaur,Evolve Bulbasaur,Trade/migrate from another game,,Trade/migrate from another game,Not available in this game,Location data not yet available,Seed Pokémon,たねポケモン,Samen-Pokémon,Pokémon Graine,Pokémon Seme,Pokémon Semilla,씨앗포켓몬,种子宝可梦,種子寶可夢,Evolve Bulbasaur,Evolve Bulbasaur,,,,,,,,,,,,,,,,,,,,,
Venusaur,0003,Grass Poison,Seed Pokémon,2.4 m (7′10″),155.5 kg (342.8 lbs),Thick Fat,0003 (Red/Blue/Yellow)0228 (Gold/Silver/Crystal)0003 (FireRed/LeafGreen)0233 (HeartGold/SoulSilver)0082 (X/Y — Central Kalos)0003 (Let's Go Pikachu/Let's Go Eevee)0070 (The Isle of Armor)0166 (The Indigo Disk),"2 Sp. Atk, 1 Sp. Def","45 (5.9% with PokéBall, full HP)",50 (normal),281,Medium Slow,"Grass, Monster","87.5% male, 12.5% female","20 (4,884–5,140 steps)",80,100,123,122,120,80,625,The plant blooms when it is absorbing solar energy. It stays on the move to seek sunlight.,The flower on its back catches the sun’s rays. The sunlight is then absorbed and used for energy.,"By spreading the broad petals of its flower and catching the sun’s rays, it fills its body with power.","It is able to convert sunlight into energy. As a result, it is more powerful in the summertime.","As it warms itself and absorbs the sunlight, its flower petals release a pleasant fragrance.",,A bewitching aroma wafts from its flower. The fragrance becalms those engaged in a battle.,Its plant blooms when it is absorbing solar energy. It stays on the move to seek sunlight.,Trade/migrate from another game,"By spreading the broad petals of its flower and catching the sun’s rays, it fills its body with power.","It is able to convert sunlight into energy. As a result, it is more powerful in the summertime.",Trade/migrate from another game,"By spreading the broad petals of its flower and catching the sun’s rays, it fills its body with power.","After a rainy day, the flower on its back smells stronger. The scent attracts other Pokémon.",Trade/migrate from another game,"In order to support its flower, which has grown larger due to Mega Evolution, its back and legs have become stronger.",Its plant blooms when it is absorbing solar energy. It stays on the move to seek sunlight.,A bewitching aroma wafts from its flower. The fragrance becalms those engaged in a battle.,Evolve Bulbasaur/Ivysaur,Trade/migrate from another game,Trade/migrate from another game,Evolve Bulbasaur/Ivysaur,Trade/migrate from another game,Evolve Bulbasaur/Ivysaur,Evolve Bulbasaur/Ivysaur,Trade/migrate from another game,,Trade/migrate from another game,Not available in this game,Location data not yet available,Seed Pokémon,たねポケモン,Samen-Pokémon,Pokémon Graine,Pokémon Seme,Pokémon Semilla,씨앗포켓몬,种子宝可梦,種子寶可夢,Evolve Bulbasaur/Ivysaur,Evolve Bulbasaur/Ivysaur,,,,,,,,,,,,,,,,,,,,,
Charmander,0004,Fire,Lizard Pokémon,0.6 m (2′00″),8.5 kg (18.7 lbs),1. BlazeSolar Power (hidden ability),0004 (Red/Blue/Yellow)0229 (Gold/Silver/Crystal)0004 (FireRed/LeafGreen)0234 (HeartGold/SoulSilver)0083 (X/Y — Central Kalos)0004 (Let's Go Pikachu/Let's Go Eevee)0378 (Sword/Shield)0167 (The Indigo Disk),1 Speed,"45 (5.9% with PokéBall, full HP)",50 (normal),62,Medium Slow,"Dragon, Monster","87.5% male, 12.5% female","20 (4,884–5,140 steps)",39,52,43,60,50,65,309,Pallet Town,Route 24,"The flame on its tail shows the strength of its life force. If it is weak, the flame also burns weakly.","The flame on its tail indicates CHARMANDER’s life force. If it is healthy, the flame burns brightly.","If it’s healthy, the flame on the tip of its tail will burn vigorously, even if it gets a bit wet.",,"From the time it is born, a flame burns at the tip of its tail. Its life would end if the flame were to go out.","It has a preference for hot things. When it rains, steam is said to spout from the tip of its tail.",Trade/migrate from another game,"The flame on its tail shows the strength of its life force. If it is weak, the flame also burns weakly.","The flame on its tail indicates CHARMANDER’s life force. If it is healthy, the flame burns brightly.",Trade/migrate from another game,"The flame on its tail indicates Charmander’s life force. If it is healthy, the flame burns brightly.","From the time it is born, a flame burns at the tip of its tail. Its life would end if the flame were to go out.",Trade/migrate from another game,"Route 3, 4, 24, Rock Tunnel","It has a preference for hot things. When it rains, steam is said to spout from the tip of its tail.","From the time it is born, a flame burns at the tip of its tail. Its life would end if the flame were to go out.","Volcanic Cave, Sandsear Cave, Typhlo Cavern",Trade/migrate from another game,Trade/migrate from another game,Pallet Town,Trade/migrate from another game,Pallet Town,Lumiose City,Trade/migrate from another game,Route 3,Trade/migrate from another game,Not available in this game,Location data not yet available,Lizard Pokémon,とかげポケモン,Echsen-Pokémon,Pokémon Lézard,Pokémon Lucertola,Pokémon Lagartija,도롱뇽포켓몬,蜥蜴宝可梦,蜥蜴寶可夢,,,,,,,,,,,,,,,,,,,,,,,
Charmeleon,0005,Fire,Flame Pokémon,1.1 m (3′07″),19.0 kg (41.9 lbs),1. BlazeSolar Power (hidden ability),0005 (Red/Blue/Yellow)0230 (Gold/Silver/Crystal)0005 (FireRed/LeafGreen)0235 (HeartGold/SoulSilver)0084 (X/Y — Central Kalos)0005 (Let's Go Pikachu/Let's Go Eevee)0379 (Sword/Shield)0168 (The Indigo Disk),"1 Sp. Atk, 1 Speed","45 (5.9% with PokéBall, full HP)",50 (normal),142,Medium Slow,"Dragon, Monster","87.5% male, 12.5% female","20 (4,884–5,140 steps)",58,64,58,80,65,80,405,"When it swings its burning tail, it elevates the temperature to unbearably high levels.","Tough fights could excite this POKéMON. When excited, it may blow out bluish-white flames.","It is very hotheaded by nature, so it constantly seeks opponents. It calms down only when it wins.","It has a barbaric nature. In battle, it whips its fiery tail around and slashes away with sharp claws.","If it becomes agitated during battle, it spouts intense flames, incinerating its surroundings.",,It lashes about with its tail to knock down its foe. It then tears up the fallen opponent with sharp claws.,"When it swings its burning tail, it elevates the air temperature to unbearably high levels.",Trade/migrate from another game,"It is very hotheaded by nature, so it constantly seeks opponents. It calms down only when it wins.","It has a barbaric nature. In battle, it whips its fiery tail around and slashes away with sharp claws.",Trade/migrate from another game,It lashes about with its tail to knock down its foe. It then tears up the fallen opponent with sharp claws.,"When it swings its burning tail, it elevates the air temperature to unbearably high levels.",Trade/migrate from another game,"Tough fights could excite this Pokémon. When excited, it may breathe out bluish-white flames.","It has a barbaric nature. In battle, it whips its fiery tail around and slashes away with sharp claws.","If it becomes agitated during battle, it spouts intense flames, incinerating its surroundings.",Evolve Charmander,Trade/migrate from another game,Trade/migrate from another game,Evolve Charmander,Trade/migrate from another game,Evolve Charmander,Evolve Charmander,Trade/migrate from another game,,Trade/migrate from another game,Not available in this game,Location data not yet available,Flame Pokémon,かえんポケモン,Flammen-Pokémon,Pokémon Flamme,Pokémon Fiamma,Pokémon Llama,화염포켓몬,火焰宝可梦,火焰寶可夢,Evolve Charmander,Evolve Charmander,,,,,,,,,,,,,,,,,,,,,
Charizard,0006,Fire Flying,Flame Pokémon,1.7 m (5′07″),100.5 kg (221.6 lbs),Drought,0006 (Red/Blue/Yellow)0231 (Gold/Silver/Crystal)0006 (FireRed/LeafGreen)0236 (HeartGold/SoulSilver)0085 (X/Y — Central Kalos)0006 (Let's Go Pikachu/Let's Go Eevee)0380 (Sword/Shield)0169 (The Indigo Disk),3 Sp. Atk,"45 (5.9% with PokéBall, full HP)",50 (normal),285,Medium Slow,"Dragon, Monster","87.5% male, 12.5% female","20 (4,884–5,140 steps)",78,104,78,159,115,100,634,Spits fire that is hot enough to melt boulders. Known to cause forest fires unintentionally.,"When expelling a blast of super hot fire, the red flame at the tip of its tail burns more intensely.","If CHARIZARD becomes furious, the flame at the tip of its tail flares up in a whitish-blue color.","Breathing intense, hot flames, it can melt almost anything. Its breath inflicts terrible pain on enemies.",It uses its wings to fly high. The temperature of its fire increases as it gains experience in battle.,,"Its wings can carry this POKéMON close to an altitude of 4,600 feet. It blows out fire at very high temperatures.",It spits fire that is hot enough to melt boulders. It may cause forest fires by blowing flames.,Trade/migrate from another game,"If CHARIZARD becomes furious, the flame at the tip of its tail flares up in a light blue shade.","Breathing intense, hot flames, it can melt almost anything. Its breath inflicts terrible pain on enemies.",Trade/migrate from another game,"When expelling a blast of superhot fire, the red flame at the tip of its tail burns more intensely.","Its wings can carry this Pokémon close to an altitude of 4,600 feet. It blows out fire at very high temperatures.",Trade/migrate from another game,"Route 2, 3, 4, 7, 8, 10, 11, 12, 13, 14, 15, 16, 17, 18, 19, 21, 22, 23, 24, 25","This colossal, flame-winged figure of a Charizard was brought about by Gigantamax energy.","The flame inside its body burns hotter than 3,600 degrees Fahrenheit. When Charizard roars, that temperature climbs even higher.",Evolve Charmander/Charmeleon,Trade/migrate from another game,Trade/migrate from another game,Evolve Charmander/Charmeleon,Trade/migrate from another game,Evolve Charmander/Charmeleon,Evolve Charmander/Charmeleon,Trade/migrate from another game,Evolve Charmander/Charmeleon,Trade/migrate from another game,Not available in this game,Location data not yet available,Flame Pokémon,かえんポケモン,Flammen-Pokémon,Pokémon Flamme,Pokémon Fiamma,Pokémon Llama,화염포켓몬,火焰宝可梦,火焰寶可夢,Evolve Charmander/Charmeleon,,,,,,,,,,,,,,,,,,,,,,
Squirtle,0007,Water,Tiny Turtle Pokémon,0.5 m (1′08″),9.0 kg (19.8 lbs),1. TorrentRain Dish (hidden ability),0007 (Red/Blue/Yellow)0232 (Gold/Silver/Crystal)0007 (FireRed/LeafGreen)0237 (HeartGold/SoulSilver)0086 (X/Y — Central Kalos)0007 (Let's Go Pikachu/Let's Go Eevee)0071 (The Isle of Armor)0170 (The Indigo Disk),1 Defense,"45 (5.9% with PokéBall, full HP)",50 (normal),63,Medium Slow,"Monster, Water 1","87.5% male, 12.5% female","20 (4,884–5,140 steps)",44,48,65,50,64,43,314,Pallet Town,Vermilion City,"The shell is soft when it is born. It soon becomes so resilient, prodding fingers will bounce off it.","The shell, which hardens soon after it is born, is resilient. If you poke it, it will bounce back out.","When it feels threatened, it draws its legs inside its shell and sprays water from its mouth.",,"When it retracts its long neck into its shell, it squirts out water with vigorous force.","After birth, its back swells and hardens into a shell. It powerfully sprays foam from its mouth.",Trade/migrate from another game,"The shell is soft when it is born. It soon becomes so resilient, prodding fingers will bounce off it.","The shell, which hardens soon after it is born, is resilient. If you poke it, it will bounce back out.",Trade/migrate from another game,"It shelters itself in its shell, then strikes back with spouts of water at every opportunity.",Shoots water at prey while in the water. Withdraws into its shell when in danger.,Trade/migrate from another game,"Route 24, 25, Seafoam Islands, Vermilion City","When it retracts its long neck into its shell, it squirts out water with vigorous force.","When it feels threatened, it draws its limbs inside its shell and sprays water from its mouth.","Fountainspring Cave, Riverbank Cave, Still-Water Cavern",Trade/migrate from another game,Trade/migrate from another game,Pallet Town,Trade/migrate from another game,Pallet Town,Lumiose City,Trade/migrate from another game,Seaward Cave,Trade/migrate from another game,Not available in this game,Location data not yet available,Tiny Turtle Pokémon,かめのこポケモン,Minikröten-Pokémon,Pokémon Minitortue,Pokémon Tartaghina,Pokémon Tortuguita,꼬마거북포켓몬,小龟宝可梦,小龜寶可夢,,,"It shelters itself in its shell, then strikes back with spouts of water at every opportunity.",It shelters itself in its shell then strikes back with spouts of water at every opportunity.,,,,,,,,,,,,,,,,,,,
Wartortle,0008,Water,Turtle Pokémon,1.0 m (3′03″),22.5 kg (49.6 lbs),1. TorrentRain Dish (hidden ability),0008 (Red/Blue/Yellow)0233 (Gold/Silver/Crystal)0008 (FireRed/LeafGreen)0238 (HeartGold/SoulSilver)0087 (X/Y — Central Kalos)0008 (Let's Go Pikachu/Let's Go Eevee)0072 (The Isle of Armor)0171 (The Indigo Disk),"1 Defense, 1 Sp. Def","45 (5.9% with PokéBall, full HP)",50 (normal),142,Medium Slow,"Monster, Water 1","87.5% male, 12.5% female","20 (4,884–5,140 steps)",59,63,80,65,80,58,405,"Often hides in water to stalk unwary prey. For swimming fast, it moves its ears to maintain balance.","When tapped, this POKéMON will pull in its head, but its tail will still stick out a little bit.","It is recognized as a symbol of longevity. If its shell has algae on it, that WARTORTLE is very old.",It cleverly controls its furry ears and tail to maintain its balance while swimming.,"Its long, furry tail is a symbol of longevity, making it quite popular among older people.",,This POKéMON is very popular as a pet. Its fur-covered tail is a symbol of its longevity.,"It often hides in water to stalk unwary prey. For fast swimming, it moves its ears to maintain balance.",Trade/migrate from another game,"It is a well-established symbol of longevity. If its shell has algae on it, that WARTORTLE is very old.",It cleverly controls its furry ears and tail to maintain its balance while swimming.,Trade/migrate from another game,"When tapped, this Pokémon will pull in its head, but its tail will still stick out a little bit.","It is said to live 10,000 years. Its furry tail is popular as a symbol of longevity.",Trade/migrate from another game,"When tapped on its head, this Pokémon will pull it in, but its tail will stick out a little bit.","It is recognized as a symbol of longevity. If its shell has algae on it, that Wartortle is very old.",It cleverly controls its furry ears and tail to maintain its balance while swimming.,Evolve Squirtle,Trade/migrate from another game,Trade/migrate from another game,Evolve Squirtle,Trade/migrate from another game,Evolve Squirtle,Evolve Squirtle,Trade/migrate from another game,,Trade/migrate from another game,Not available in this game,Location data not yet available,Turtle Pokémon,かめポケモン,Kröten-Pokémon,Pokémon Tortue,Pokémon Tartaruga,Pokémon Tortuga,거북포켓몬,龟宝可梦,龜寶可夢,Evolve Squirtle,Evolve Squirtle,,,,,,,,,,,,,,,,,,,,,
Blastoise,0009,Water,Shellfish Pokémon,1.6 m (5′03″),101.1 kg (222.9 lbs),Mega Launcher,0009 (Red/Blue/Yellow)0234 (Gold/Silver/Crystal)0009 (FireRed/LeafGreen)0239 (HeartGold/SoulSilver)0088 (X/Y — Central Kalos)0009 (Let's Go Pikachu/Let's Go Eevee)0073 (The Isle of Armor)0172 (The Indigo Disk),3 Sp. Def,"45 (5.9% with PokéBall, full HP)",50 (normal),284,Medium Slow,"Monster, Water 1","87.5% male, 12.5% female","20 (4,884–5,140 steps)",79,103,120,135,115,78,630,A brutal POKéMON with pressurized water jets on its shell. They are used for high speed tackles.,"Once it takes aim at its enemy, it blasts out water with even more force than a fire hose.",It deliberately makes itself heavy so it can withstand the recoil of the water jets it fires.,The rocket cannons on its shell fire jets of water capable of punching holes through thick steel.,It firmly plants its feet on the ground before shooting water from the jets on its back.,,"It crushes its foe under its heavy body to cause fainting. In a pinch, it will withdraw inside its shell.",The pressurized water jets on this brutal POKéMON’s shell are used for high-speed tackles.,Trade/migrate from another game,It deliberately makes itself heavy so it can withstand the recoil of the water jets it fires.,The rocket cannons on its shell fire jets of water capable of punching holes through thick steel.,Trade/migrate from another game,"It crushes its foe under its heavy body to cause fainting. In a pinch, it will withdraw inside its shell.",The pressurized water jets on this brutal Pokémon’s shell are used for high-speed tackles.,Trade/migrate from another game,The cannon on its back is as powerful as a tank gun. Its tough legs and back enable it to withstand the recoil from firing the cannon.,"It crushes its foe under its heavy body to cause fainting. In a pinch, it will withdraw inside its shell.",The rocket cannons on its shell fire jets of water capable of punching holes through thick steel.,Evolve Squirtle/Wartortle,Trade/migrate from another game,Trade/migrate from another game,Evolve Squirtle/Wartortle,Trade/migrate from another game,Evolve Squirtle/Wartortle,Evolve Squirtle/Wartortle,Trade/migrate from another game,,Trade/migrate from another game,Not available in this game,Location data not yet available,Shellfish Pokémon,こうらポケモン,Panzertier-Pokémon,Pokémon Carapace,Pokémon Carapace,Pokémon Armazón,껍질포켓몬,甲壳宝可梦,甲殼寶可夢,Evolve Squirtle/Wartortle,Evolve Squirtle/Wartortle,,,,,,,,,,,,,,,,,,,,,
Caterpie,0010,Bug,Worm Pokémon,0.3 m (1′00″),2.9 kg (6.4 lbs),1. Shield DustRun Away (hidden ability),0010 (Red/Blue/Yellow)0024 (Gold/Silver/Crystal)0010 (FireRed/LeafGreen)0024 (HeartGold/SoulSilver)0023 (X/Y — Central Kalos)0017 (Sun/Moon — Alola dex)0017 (U.Sun/U.Moon — Alola dex)0010 (Let's Go Pikachu/Let's Go Eevee)0013 (Sword/Shield),1 HP,"255 (33.3% with PokéBall, full HP)",50 (normal),39,Medium Fast,Bug,"50% male, 50% female","15 (3,599–3,855 steps)",45,30,35,20,20,45,195,Its short feet are tipped with suction pads that enable it to tirelessly climb slopes and walls.,Viridian Forest,"Route 2, 26, 27, 30, 31, 34, 35, 36, 37, 38, 39, Azalea Town, Ilex Forest, Lake of Rage, National Park",National Park,"Route 2, 24, 25, 30, 31, Ilex Forest, National Park",,"It is covered with a green skin. When it grows, it sheds the skin, covers itself with silk, and becomes a cocoon.",Its short feet are tipped with suction pads that enable it to tirelessly climb slopes and walls.,It releases a stench from its red antenna to repel enemies. It grows by molting repeatedly.,"Route 2, 30, 31, Ilex Forest, National Park, Viridian Forest",National Park,It releases a stench from its red antenna to repel enemies. It grows by molting repeatedly.,Santalune Forest,"Route 2, Santalune Forest",Trade/migrate from another game,"Route 2, Viridian Forest","For protection, it releases a horrible stench from the antenna on its head to drive away enemies.",Its short feet are tipped with suction pads that enable it to tirelessly climb slopes and walls.,It releases a stench from its red antennae to repel enemies. It grows by molting repeatedly.,,Trade/migrate from another game,"Route 2, 24, 25, Pattern Bush, Viridian Forest",Trade/migrate from another game,,,,,Route 1,Not available in this game,Location data not yet available,Worm Pokémon,いもむしポケモン,Wurm-Pokémon,Pokémon Ver,Pokémon Baco,Pokémon Gusano,애벌레포켓몬,虫宝宝宝可梦,蟲寶寶寶可夢,,,,Trade/migrate from another game,"When attacked by bird Pokémon, it resists by releasing a terrifically strong odor from its antennae, but it often becomes their prey.","It’s easy to catch, and it grows quickly, making it one of the top recommendations for novice Pokémon Trainers.","Perhaps because it would like to grow up quickly, it has a voracious appetite, eating a hundred leaves a day.","Its body is soft and weak. In nature, its perpetual fate is to be seen by others as food.","Route 25, Viridian Forest","Route 2, 24, 25, Viridian Forest",Route 204,"Route 204, Eterna Forest",Trade/migrate from another game,Breed Metapod/Butterfree,"Route 1, 5, Melemele Meadow, Lush Jungle","Spacious Cave, Grassland Cave, Swampy Cave, Riverbank Cave, Still-Water Cavern, Sunlit Cavern, Bogsunk Cavern",Trade/migrate from another game,,,,,,
Metapod,0011,Bug,Cocoon Pokémon,0.7 m (2′04″),9.9 kg (21.8 lbs),1. Shed Skin,0011 (Red/Blue/Yellow)0025 (Gold/Silver/Crystal)0011 (FireRed/LeafGreen)0025 (HeartGold/SoulSilver)0024 (X/Y — Central Kalos)0018 (Sun/Moon — Alola dex)0018 (U.Sun/U.Moon — Alola dex)0011 (Let's Go Pikachu/Let's Go Eevee)0014 (Sword/Shield),2 Defense,"120 (15.7% with PokéBall, full HP)",50 (normal),72,Medium Fast,Bug,"50% male, 50% female","15 (3,599–3,855 steps)",50,20,55,25,25,30,205,"This POKéMON is vulnerable to attack while its shell is soft, exposing its weak and tender body.",Viridian Forest,"Route 2, 26, 27, 30, 31, 34, 35, 36, 37, 38, 39, Azalea Town, Ilex Forest, Lake of Rage, National Park",National Park,"Route 24, 25, Ilex Forest, National Park",,"Even though it is encased in a sturdy shell, the body inside is tender. It can’t withstand a harsh attack.","This POKéMON is vulnerable to attack while its shell is soft, exposing its weak and tender body.",Eterna Forest,"Route 2, 30, 31, 47, Ilex Forest, National Park, Viridian Forest",National Park,A steel-hard shell protects its tender body. It quietly endures hardships while awaiting evolution.,Evolve Caterpie,Santalune Forest,Trade/migrate from another game,Viridian Forest,"It is waiting for the moment to evolve. At this stage, it can only harden, so it remains motionless to avoid attack.","Even though it is encased in a sturdy shell, the body inside is tender. It can’t withstand a harsh attack.",A steel-hard shell protects its tender body. The Pokémon quietly endures hardships while awaiting evolution.,,Trade/migrate from another game,"Route 24, 25, Pattern Bush, Viridian Forest",Trade/migrate from another game,,,"Route 1, 5, Melemele Meadow, Lush Jungle","Route 5, Melemele Meadow, Lush Jungle",Rolling Fields,Not available in this game,Location data not yet available,Cocoon Pokémon,さなぎポケモン,Kokon-Pokémon,Pokémon Cocon,Pokémon Bozzolo,Pokémon Capullo,번데기포켓몬,蛹宝可梦,蛹寶可夢,,,,Trade/migrate from another game,Its shell is filled with its soft innards. It doesn’t move much because of the risk it might carelessly spill its innards out.,"Its shell is hard, but it’s still just a bug shell. It’s been known to break, so intense battles with it should be avoided.",Its shell is filled with a thick liquid. All of the cells throughout its body are being rebuilt in preparation for evolution.,"Its hard shell doesn’t crack a bit even if Pikipek pecks at it, but it will tip over, spilling out its insides.","Route 25, Viridian Forest","Route 24, 25, Viridian Forest",,,Trade/migrate from another game,Route 12,,Evolve Caterpie,Trade/migrate from another game,,,,,,
Butterfree,0012,Bug Flying,Butterfly Pokémon,1.1 m (3′07″),32.0 kg (70.5 lbs),1. Compound EyesTinted Lens (hidden ability),0012 (Red/Blue/Yellow)0026 (Gold/Silver/Crystal)0012 (FireRed/LeafGreen)0026 (HeartGold/SoulSilver)0025 (X/Y — Central Kalos)0019 (Sun/Moon — Alola dex)0019 (U.Sun/U.Moon — Alola dex)0012 (Let's Go Pikachu/Let's Go Eevee)0015 (Sword/Shield),"2 Sp. Atk, 1 Sp. Def","45 (5.9% with PokéBall, full HP)",50 (normal),178,Medium Fast,Bug,"50% male, 50% female","15 (3,599–3,855 steps)",60,45,50,90,80,70,395,"In battle, it flaps its wings at high speed to release highly toxic dust into the air.","Its wings, covered with poisonous powders, repel water. This allows it to fly in the rain.","Route 2, 26, 27, 34, 35, 36, 37, 38, 39, Azalea Town, Ilex Forest, Lake of Rage, National Park",National Park,"Route 2, 24, 25, Ilex Forest, National Park",,"The wings are protected by rain-repellent dust. As a result, this POKéMON can fly about even in rain.","In battle, it flaps its wings at great speed to release highly toxic dust into the air.",Evolve Caterpie/Metapod,"Route 2, 47, Ilex Forest, National Park, Viridian Forest",National Park,It loves the honey of flowers and can locate flower patches that have even tiny amounts of pollen.,It loves the honey of flowers and can locate flower patches that have even tiny amounts of pollen.,"The wings are protected by rain-repellent dust. As a result, this Pokémon can fly about even in rain.",Trade/migrate from another game,"Its wings, covered with poisonous powder, repel water. This allows it to fly in the rain.",Crystallized Gigantamax energy makes up this Pokémon’s blindingly bright and highly toxic scales.,"Once it has opponents trapped in a tornado that could blow away a 10-ton truck, it finishes them off with its poisonous scales.",It loves the nectar of flowers and can locate flower patches that have even tiny amounts of pollen.,,Trade/migrate from another game,Evolve Caterpie/Metapod,Trade/migrate from another game,,Evolve Caterpie/Metapod,,,"Rolling Fields, East Lake Axewell, Slumbering Weald, Giant's Mirror",Not available in this game,Location data not yet available,Butterfly Pokémon,ちょうちょポケモン,Falter-Pokémon,Pokémon Papillon,Pokémon Farfalla,Pokémon Mariposa,나비포켓몬,蝴蝶宝可梦,蝴蝶寶可夢,Evolve Caterpie/Metapod,,,Trade/migrate from another game,Close examination of its large eyes reveals that each eye is composed of a myriad of tiny eyes.,"When attacked by other Pokémon, it defends itself by scattering its poisonous scales and fluttering its wings.","Its wings are covered in toxic scales. If it finds bird Pokémon going after Caterpie, Butterfree sprinkles its scales on them to drive them off.","Nectar from pretty flowers is its favorite food. In fields of flowers, it has heated battles with Cutiefly for territory.",,,,,Trade/migrate from another game,Route 12,"Route 5, Melemele Meadow, Lush Jungle",Evolve Caterpie/Metapod,Trade/migrate from another game,Viridian Forest,Evolve Caterpie/Metapod,,,,
Weedle,0013,Bug Poison,Hairy Bug Pokémon,0.3 m (1′00″),3.2 kg (7.1 lbs),1. Shield DustRun Away (hidden ability),0013 (Red/Blue/Yellow)0027 (Gold/Silver/Crystal)0013 (FireRed/LeafGreen)0027 (HeartGold/SoulSilver)0026 (X/Y — Central Kalos)0013 (Let's Go Pikachu/Let's Go Eevee),1 Speed,"255 (33.3% with PokéBall, full HP)",50 (normal),39,Medium Fast,Bug,"50% male, 50% female","15 (3,599–3,855 steps)",40,35,30,20,20,50,195,"Often found in forests, eating leaves. It has a sharp venomous stinger on its head.",Trade/migrate from another game,National Park,"Route 2, 26, 27, 30, 31, 34, 35, 36, 37, 38, 39, Azalea Town, Ilex Forest, Lake of Rage, National Park","Route 30, 31, Ilex Forest, National Park",,"Often found in forests and grasslands. It has a sharp, toxic barb of around two inches on top of its head.","Often found in forests, eating leaves. It has a sharp stinger on its head that injects poison.",It eats its weight in leaves every day. It fends off attackers with the needle on its head.,National Park,"Route 2, 30, 31, Ilex Forest, National Park, Viridian Forest",It eats its weight in leaves every day. It fends off attackers with the needle on its head.,"Route 2, Santalune Forest",Santalune Forest,Breed Kakuna/Beedrill,"Route 2, Viridian Forest",,,It eats its weight in leaves every day. It fends off attackers with the needle on its head.,,Trade/migrate from another game,"Route 2, 24, 25, Pattern Bush, Viridian Forest",Trade/migrate from another game,,,Trade/migrate from another game,Breed Kakuna/Beedrill,Not available in this game,Not available in this game,Location data not yet available,Hairy Bug Pokémon,けむしポケモン,Raupen-Pokémon,Pokémon Insectopic,Pokémon Millepiedi,Pokémon Oruga,송충이포켓몬,毛毛虫宝可梦,毛毛蟲寶可夢,,,,,,,,,"Route 2, 24, 25, Viridian Forest","Route 25, Viridian Forest",Route 204,"Route 204, Eterna Forest",Breed Kakuna/Beedrill,,,Trade/migrate from another game,"Spacious Cave, Grassland Cave, Swampy Cave, Riverbank Cave, Still-Water Cavern, Sunlit Cavern, Bogsunk Cavern",,,Trade/migrate from another game,,,
Kakuna,0014,Bug Poison,Cocoon Pokémon,0.6 m (2′00″),10.0 kg (22.0 lbs),1. Shed Skin,0014 (Red/Blue/Yellow)0028 (Gold/Silver/Crystal)0014 (FireRed/LeafGreen)0028 (HeartGold/SoulSilver)0027 (X/Y — Central Kalos)0014 (Let's Go Pikachu/Let's Go Eevee),2 Defense,"120 (15.7% with PokéBall, full HP)",50 (normal),72,Medium Fast,Bug,"50% male, 50% female","15 (3,599–3,855 steps)",45,25,50,25,25,35,205,"Almost incapable of moving, this POKéMON can only harden its shell to protect itself from predators.",Trade/migrate from another game,National Park,"Route 2, 26, 27, 30, 31, 34, 35, 36, 37, 38, 39, Azalea Town, Ilex Forest, Lake of Rage, National Park","Ilex Forest, National Park",,This POKéMON is in a temporary stage while making its body. It is almost completely unable to move on its own.,"Almost incapable of moving, this POKéMON can only harden its shell to protect itself when it is in danger.",Eterna Forest,National Park,"Route 2, 30, 31, 47, Ilex Forest, National Park, Viridian Forest","While awaiting evolution, it hides from predators under leaves and in nooks of branches.",Santalune Forest,Evolve Weedle,Safari Zone,Viridian Forest,,,"While awaiting evolution, it hides from predators under leaves and in nooks of branches.",,Trade/migrate from another game,"Route 24, 25, Pattern Bush, Viridian Forest",Trade/migrate from another game,,,Trade/migrate from another game,Evolve Weedle,Not available in this game,Not available in this game,Location data not yet available,Cocoon Pokémon,さなぎポケモン,Kokon-Pokémon,Pokémon Cocon,Pokémon Bozzolo,Pokémon Capullo,번데기포켓몬,蛹宝可梦,蛹寶可夢,,,,,,,,,"Route 24, 25, Viridian Forest","Route 25, Viridian Forest",,,Route 12,,,Trade/migrate from another game,Evolve Weedle,,,Trade/migrate from another game,,,
Beedrill,0015,Bug Poison,Poison Bee Pokémon,1.4 m (4′07″),40.5 kg (89.3 lbs),Adaptability,0015 (Red/Blue/Yellow)0029 (Gold/Silver/Crystal)0015 (FireRed/LeafGreen)0029 (HeartGold/SoulSilver)0028 (X/Y — Central Kalos)0015 (Let's Go Pikachu/Let's Go Eevee),"2 Attack, 1 Sp. Def","45 (5.9% with PokéBall, full HP)",50 (normal),223,Medium Fast,Bug,"50% male, 50% female","15 (3,599–3,855 steps)",65,150,40,15,80,145,495,Evolve Weedle/Kakuna,Trade/migrate from another game,National Park,"Route 2, 26, 27, 34, 35, 36, 37, 38, 39, Azalea Town, Ilex Forest, Lake of Rage, National Park","Ilex Forest, National Park",,"May appear in a swarm. Flies at violent speeds, all the while stabbing with the toxic stinger on its rear.",It flies at high speed and attacks using the large venomous stingers on its forelegs and tail.,Evolve Weedle/Kakuna,National Park,"Route 2, 47, Ilex Forest, National Park, Viridian Forest","Its best attack involves flying around at high speed, striking with poison needles, then flying off.",It has three poisonous stingers on its forelegs and its tail. They are used to jab its enemy repeatedly.,"May appear in a swarm. Flies at violent speeds, all the while stabbing with the toxic stinger on its rear.","Beedrill is extremely territorial. No one should ever approach its nest—this is for their own safety. If angered, they will attack in a furious swarm.","Its legs have become poison stingers. It stabs its prey repeatedly with the stingers on its limbs, dealing the final blow with the stinger on its rear.",,,"Its best attack involves flying around at high speed, striking with poison needles, then flying off.",,Trade/migrate from another game,Evolve Weedle/Kakuna,Trade/migrate from another game,,,Trade/migrate from another game,Route 4,Not available in this game,Not available in this game,Location data not yet available,Poison Bee Pokémon,どくばちポケモン,Giftbienen-Pokémon,Pokémon Guêpoison,Pokémon Velenape,Pokémon Abeja Veneno,독벌포켓몬,毒蜂宝可梦,毒蜂寶可夢,,,,,,,,,,,,,Route 12,,,Trade/migrate from another game,Evolve Weedle/Kakuna,Evolve Weedle/Kakuna,Viridian Forest,Trade/migrate from another game,Evolve Weedle/Kakuna,,
Pidgey,0016,Normal Flying,Tiny Bird Pokémon,0.3 m (1′00″),1.8 kg (4.0 lbs),1. Keen Eye2. Tangled FeetBig Pecks (hidden ability),0016 (Red/Blue/Yellow)0010 (Gold/Silver/Crystal)0016 (FireRed/LeafGreen)0010 (HeartGold/SoulSilver)0017 (X/Y — Central Kalos)0016 (Let's Go Pikachu/Let's Go Eevee),1 Speed,"255 (33.3% with PokéBall, full HP)",50 (normal),50,Medium Slow,Flying,"50% male, 50% female","15 (3,599–3,855 steps)",40,45,40,35,35,56,251,"Route 1, 2, 3, 5, 6, 7, 8, 12, 13, 14, 15, 21, 24, 25","Route 1, 2, 5, 6, 7, 8, 11, 12, 13, 21, 24, 25, Viridian Forest","It usually hides in tall grass. Because it dislikes fighting, it protects itself by kicking up sand.","Common in grassy areas and forests, it is very docile and will chase off enemies by flapping up sand.","Route 1, 2, 5, 25, 29, 30, 31, 32, 34, 35, 36, 37, Ilex Forest, National Park",,"Does not like to fight. It hides in tall grass and so on, foraging for food such as small bugs.",A common sight in forests and woods. It flaps its wings at ground level to kick up blinding sand.,Route 229,"It usually hides in tall grass. Because it dislikes fighting, it protects itself by kicking up sand.","Common in grassy areas and forests, it is very docile and will chase off enemies by flapping up sand.","It is docile and prefers to avoid conflict. If disturbed, however, it can ferociously strike back.",A common sight in forests and woods. It flaps its wings at ground level to kick up blinding sand.,"It is docile and prefers to avoid conflict. If disturbed, however, it can ferociously strike back.",Breed Pidgeotto/Pidgeot,"Route 1, 2, 5, 6, 7, 8, 11, 12, 13, 14, 15, 16, 17, 18, 19, 20, 21, 24, 25, Cerulean City, Cinnabar Island, Fuchsia City, Lavender Town, Pallet Town, Pewter City, Vermilion City, Viridian City, Viridian Forest",,,Route 229,,Trade/migrate from another game,"Route 1, 2, 3, 5, 6, 7, 8, 12, 13, 14, 15, 24, 25, Berry Forest, Bond Bridge, Five Isle Meadow",Trade/migrate from another game,"Route 1, 2, 5, 6, 25, 29, 30, 31, 35, 36, 37, National Park, Viridian Forest","Route 2, 3",Trade/migrate from another game,Breed Pidgeotto/Pidgeot,Not available in this game,Not available in this game,Location data not yet available,Tiny Bird Pokémon,ことりポケモン,Kleinvogel-Pokémon,Pokémon Minoiseau,Pokémon Uccellino,Pokémon Pajarito,아기새포켓몬,小鸟宝可梦,小鳥寶可夢,,,,Trade/migrate from another game,,,,,,,,,Trade/migrate from another game,White Forest,,,,,,,,"Route 1, 2, 5, 6, 25, 29, 30, 31, 35, 36, 37, National Park",
Pidgeotto,0017,Normal Flying,Bird Pokémon,1.1 m (3′07″),30.0 kg (66.1 lbs),1. Keen Eye2. Tangled FeetBig Pecks (hidden ability),0017 (Red/Blue/Yellow)0011 (Gold/Silver/Crystal)0017 (FireRed/LeafGreen)0011 (HeartGold/SoulSilver)0018 (X/Y — Central Kalos)0017 (Let's Go Pikachu/Let's Go Eevee),2 Speed,"120 (15.7% with PokéBall, full HP)",50 (normal),122,Medium Slow,Flying,"50% male, 50% female","15 (3,599–3,855 steps)",63,60,55,50,50,71,349,"Route 14, 15, 21","Route 5, 6, 7, 8, 11, 12, 13, 14, 15, 21, 24, 25, Viridian Forest","It has outstanding vision. However high it flies, it is able to distinguish the movements of its prey.","It immobilizes its prey using well-developed claws, then carries the prey more than 60 miles to its nest.","Route 2, 5, 8, 11, 13, 14, 15, 25, 37, 38, 39, 43",,The claws on its feet are well developed. It can carry prey such as an EXEGGCUTE to its nest over 60 miles away.,"Very protective of its sprawling territorial area, this POKéMON will fiercely peck at any intruder.",Evolve Pidgey,"It has outstanding vision. However high it flies, it is able to distinguish the movements of its prey.","It renders its prey immobile using well-developed claws, then carries the prey more than 60 miles to its nest.","It flies over its wide territory in search of prey, downing it with its highly developed claws.",The claws on its feet are well developed. It can carry prey such as an Exeggcute to its nest over 60 miles away.,"Very protective of its sprawling territorial area, this Pokémon will fiercely peck at any intruder.",Safari Zone,"Route 1, 2, 5, 6, 7, 8, 11, 12, 13, 14, 15, 16, 17, 18, 19, 20, 21, 24, 25, Cerulean City, Cinnabar Island, Fuchsia City, Lavender Town, Pallet Town, Pewter City, Vermilion City, Viridian City",,,Evolve Pidgey,,Trade/migrate from another game,"Route 13, 14, 15, Berry Forest, Bond Bridge, Five Isle Meadow",Trade/migrate from another game,"Route 2, 8, 13, 14, 15, 25, 37, 43, Viridian Forest",Evolve Pidgey,Trade/migrate from another game,Evolve Pidgey,Not available in this game,Not available in this game,Location data not yet available,Bird Pokémon,とりポケモン,Vogel-Pokémon,Pokémon Oiseau,Pokémon Uccello,Pokémon Pájaro,새포켓몬,鸟宝可梦,鳥寶可夢,,,,Trade/migrate from another game,,,,,,,,,Trade/migrate from another game,Evolve Pidgey,,,,,,,,"Route 2, 8, 13, 14, 15, 25, 37, 43",
Pidgeot,0018,Normal Flying,Bird Pokémon,2.2 m (7′03″),50.5 kg (111.3 lbs),No Guard,0018 (Red/Blue/Yellow)0012 (Gold/Silver/Crystal)0018 (FireRed/LeafGreen)0012 (HeartGold/SoulSilver)0019 (X/Y — Central Kalos)0018 (Let's Go Pikachu/Let's Go Eevee),3 Speed,"45 (5.9% with PokéBall, full HP)",50 (normal),261,Medium Slow,Flying,"50% male, 50% female","15 (3,599–3,855 steps)",83,80,80,135,80,121,579,"When hunting, it skims the surface of water at high speed to pick off unwary prey such as MAGIKARP.","This POKéMON flies at Mach 2 speed, seeking prey. Its large talons are feared as wicked weapons.",Its well-developed chest muscles make it strong enough to whip up a gusty windstorm with just a few flaps.,It spreads its beautiful wings wide to frighten its enemies. It can fly at Mach 2 speed.,"Its outstanding vision allows it to spot splashing MAGIKARP, even while flying at 3300 feet.",,It spreads its gorgeous wings widely to intimidate enemies. It races through the skies at Mach-2 speed.,"When hunting, it skims the surface of water at high speed to pick off unwary prey such as MAGIKARP.","By flapping its wings with all its might, PIDGEOT can make a gust of wind capable of bending tall trees.",Its well-developed chest muscles make it strong enough to whip up a gusty windstorm with just a few flaps.,It spreads its beautiful wings wide to frighten its enemies. It can fly at Mach 2 speed.,"By flapping its wings with all its might, Pidgeot can make a gust of wind capable of bending tall trees.","When hunting, it skims the surface of water at high speed to pick off unwary prey such as Magikarp.",It spreads its gorgeous wings widely to intimidate enemies. It races through the skies at Mach-2 speed.,"This Pokémon has a dazzling plumage of beautifully glossy feathers. Many Trainers are captivated by the striking beauty of the feathers on its head, compelling them to choose Pidgeot as their Pokémon.","Route 1, 2, 5, 6, 7, 8, 11, 12, 13, 14, 15, 16, 17, 18, 19, 20, 21, 24, 25, Cerulean City, Cinnabar Island, Fuchsia City, Lavender Town, Pallet Town, Pewter City, Vermilion City, Viridian City",,,Evolve Pidgey/Pidgeotto,Evolve Pidgey/Pidgeotto,Trade/migrate from another game,Evolve Pidgey/Pidgeotto,Trade/migrate from another game,,,Trade/migrate from another game,Route 10,Not available in this game,Not available in this game,Location data not yet available,Bird Pokémon,とりポケモン,Vogel-Pokémon,Pokémon Oiseau,Pokémon Uccello,Pokémon Pájaro,새포켓몬,鸟宝可梦,鳥寶可夢,Evolve Pidgey/Pidgeotto,,,Trade/migrate from another game,,,,,,,,,Trade/migrate from another game,Evolve Pidgey/Pidgeotto,,,,,,,Evolve Pidgey/Pidgeotto,,Evolve Pidgey/Pidgeotto
Rattata,0019,Dark Normal,Mouse Pokémon,0.3 m (1′00″),3.8 kg (8.4 lbs),Gluttony Hustle Thick Fat,0019 (Red/Blue/Yellow)0017 (Gold/Silver/Crystal)0019 (FireRed/LeafGreen)0017 (HeartGold/SoulSilver)0059 (Black 2/White 2)0015 (Sun/Moon — Alola dex)0015 (U.Sun/U.Moon — Alola dex)0019 (Let's Go Pikachu/Let's Go Eevee),1 Speed,"255 (33.3% with PokéBall, full HP)",50 (normal),51,Medium Fast,Field,"50% male, 50% female","15 (3,599–3,855 steps)",30,56,35,25,35,72,253,"Route 1, 2, 4, 9, 16, 21, 22","Route 1, 2, 3, 4, 5, 6, 7, 8, 9, 10, 11, 16, 18, 21, 22, Pokémon Mansion","Route 1, 3, 4, 7, 9, 11, 22, 29, 30, 31, 32, 33, 34, 38, 39, 46, Burned Tower, Mt. Mortar, Sprout Tower, Tin Tower, Tohjo Falls, Union Cave","Route 1, 3, 4, 7, 9, 11, 22, 29, 30, 31, 32, 33, 34, 46, Burned Tower, Mt. Mortar, Sprout Tower, Tin Tower, Tohjo Falls, Union Cave","Route 1, 3, 4, 6, 7, 9, 11, 21, 22, 29, 32, 33, 34, 38, 39, 42, 46, Burned Tower, Mt. Mortar, Sprout Tower, Tin Tower, Tohjo Falls, Union Cave",,"Its fangs are long and very sharp. They grow continuously, so it gnaws on hard things to whittle them down.","Bites anything when it attacks. Small and very quick, it is a common sight in many places.","Route 225, 226","Route 1, 3, 4, 7, 9, 11, 22, 29, 31, 32, 33, 34, 38, 39, 46, Bell Tower, Burned Tower, Mt. Mortar, Sprout Tower, Tohjo Falls, Union Cave","Route 1, 3, 4, 7, 9, 11, 22, 29, 30, 31, 32, 33, 34, 46, Bell Tower, Burned Tower, Mt. Mortar, Sprout Tower, Tohjo Falls, Union Cave",,"Living wherever there is food available, it ceaselessly scavenges for edibles the entire day.","Its fangs are long and very sharp. They grow continuously, so it gnaws on hard things to whittle them down.",Route 117,"Route 1, 2, 3, 4, 5, 6, 7, 8, 9, 10, 11, 16, 17, 18, 21, 22, Cerulean City, Pokémon Mansion",,,"Route 225, 226, Spacious Cave, Grassland Cave, Riverbank Cave, Still-Water Cavern, Sunlit Cavern",,Trade/migrate from another game,"Route 1, 2, 4, 9, 16, 17, 18, 22, Pokémon Mansion",Trade/migrate from another game,,Trade/migrate from another game,"Route 1, 2, 3, 4, 6, 8, Kala'e Bay, Hau'oli City, Verdant Cavern",,Not available in this game,Not available in this game,Location data not yet available,Mouse Pokémon,ねずみポケモン,Maus-Pokémon,Pokémon Souris,Pokémon Topo,Pokémon Ratón,쥐포켓몬,鼠宝可梦,鼠寶可夢,,,Breed Raticate,"Castelia City, Castelia Sewers, Relic Passage","With its incisors, it gnaws through doors and infiltrates people’s homes. Then, with a twitch of its whiskers, it steals whatever food it finds.","When the sun goes down, it becomes active. It runs around town on a chase for good food for the boss of its nest—Raticate.","Route 1, 2, 4, 6, 8, Kala'e Bay","Route 1, 2, 4, 6, 8, Kala'e Bay, Verdant Cavern",,,,,,,,,,,,,,,
Raticate,0020,Dark Normal,Mouse Pokémon,0.7 m (2′04″),25.5 kg (56.2 lbs),Gluttony Hustle Thick Fat,0020 (Red/Blue/Yellow)0018 (Gold/Silver/Crystal)0020 (FireRed/LeafGreen)0018 (HeartGold/SoulSilver)0060 (Black 2/White 2)0016 (Sun/Moon — Alola dex)0016 (U.Sun/U.Moon — Alola dex)0020 (Let's Go Pikachu/Let's Go Eevee),2 Speed,"127 (16.6% with PokéBall, full HP)",50 (normal),145,Medium Fast,Field,"50% male, 50% female","15 (3,599–3,855 steps)",75,71,70,40,80,77,413,"Route 16, 17, 18, 21","Route 9, 10, 11, 16, 18, 21, Pokémon Mansion",Gnaws on anything with its tough fangs. It can even topple concrete buildings by gnawing on them.,"Its whiskers help it to maintain balance. Its fangs never stop growing, so it gnaws to pare them down.","Route 1, 3, 4, 6, 7, 9, 10, 11, 21, 26, 27, 38, 39, 42, 43, Burned Tower, Mt. Mortar, Tohjo Falls, Union Cave",,"Its rear feet have three toes each. They are webbed, enabling it to swim across rivers.",It uses its whiskers to maintain its balance. It apparently slows down if they are cut off.,"Route 225, 226",Gnaws on anything with its tough fangs. It can even topple concrete buildings by gnawing on them.,"Its whiskers help it to maintain balance. Its fangs never stop growing, so it gnaws to pare them down.",,It whittles its constantly growing fangs by gnawing on hard things. It can chew apart cinder walls.,The webs on its hind legs enable it to cross rivers. It searches wide areas for food.,Route 118,"Route 7, 8, 9, 10, 11, 16, 17, 18, 21, Pokémon Mansion",,,"Route 225, 226, Spacious Cave, Grassland Cave, Riverbank Cave, Still-Water Cavern, Sunlit Cavern",,Trade/migrate from another game,"Route 16, 17, 18, Pokémon Mansion",Trade/migrate from another game,"Route 7, 9, 10, 26, 27, 38, 39, 47, Burned Tower, Mt. Mortar, Tohjo Falls, Union Cave",Trade/migrate from another game,"Route 10, 11, 14, 15, 16, 17, Akala Outskirts, Tapu Village, Malie City, Poni Wilds, Ancient Poni Path, Poni Grove, Poni Plains, Poni Gauntlet",,Not available in this game,Not available in this game,Location data not yet available,Mouse Pokémon,ねずみポケモン,Maus-Pokémon,Pokémon Souris,Pokémon Topo,Pokémon Ratón,쥐포켓몬,鼠宝可梦,鼠寶可夢,,,Dreamyard,"Dreamyard, Relic Passage, Strange House","It forms a group of Rattata, which it assumes command of. Each group has its own territory, and disputes over food happen often.",This gourmet Pokémon is particular about the taste and freshness of its food. Restaurants where Raticate live have a good reputation.,"Route 8, 10, 14, 15, 16, 17, Akala Outskirts, Tapu Village, Mount Lanakila, Poni Plains","Route 8, 10, 14, 15, 16, 17, Akala Outskirts, Tapu Village, Mount Lanakila, Poni Plains, Heahea Beach",,,,,,,,,,,,,,"Route 7, 9, 10, 26, 27, 38, 39, Burned Tower, Mt. Mortar, Tohjo Falls, Union Cave",
